CIDADE,UF,CANAL_VENDAS,CURSO,DS_TURNO_INSCRICAO,FL_MATRICULADO,VL_MENSALIDADE,MODALIDADES,IDADE,cluster
183,26,7,0,1,1,65.0,3,19.885354646649365,0
61,8,7,0,1,1,65.0,3,19.3295595242307,0
286,0,7,0,1,1,65.0,3,19.737507668271988,0
272,23,0,0,1,1,65.0,3,25.36938238164735,0
163,26,0,0,1,1,65.0,3,20.276875348648723,0
374,26,0,0,1,1,65.0,3,21.793675830520357,0
9,23,6,0,1,1,65.0,3,18.645082772483573,0
173,16,6,0,1,1,65.0,3,21.21597745204578,0
9,23,6,0,1,1,65.0,3,20.016774182984815,0
61,8,6,0,1,1,65.0,3,25.21879749626298,0
61,8,6,0,1,1,65.0,3,20.78065023793461,0
83,18,6,0,1,1,65.0,3,30.771272906435673,0
236,11,6,0,1,1,65.0,0,24.94226888855714,2
225,20,6,0,1,1,65.0,3,120.21869482475022,3
38,4,6,0,1,1,65.0,3,20.244020464564862,0
282,11,6,0,1,1,65.0,3,25.090115866934518,0
9,23,6,0,1,1,65.0,3,22.02913583312137,0
9,23,6,0,1,1,65.0,0,21.18312256796192,0
64,4,6,0,1,1,65.0,3,37.04655576645333,0
275,11,10,0,1,1,65.0,3,20.126290463264354,0
297,4,10,0,1,1,65.0,3,35.46130760940699,0
289,19,2,0,1,1,65.0,3,19.450027432538192,0
289,19,2,0,0,1,65.0,3,22.653378630714748,0
289,19,2,0,1,1,65.0,3,20.764222795892678,0
289,19,2,0,1,1,65.0,0,20.988731170465734,2
289,19,2,0,1,1,65.0,3,21.870337226716035,0
289,19,2,0,1,1,65.0,0,25.843040293856358,2
350,26,2,0,1,1,65.0,3,23.17905677605654,0
309,26,2,0,1,1,65.0,0,28.98068172386519,2
353,26,2,0,1,1,65.0,0,27.10795333108505,2
289,19,2,0,1,1,65.0,0,20.96135210039585,2
289,19,2,0,1,1,65.0,3,19.879878832635388,0
289,19,2,0,1,1,65.0,3,26.86701751447006,0
289,19,2,0,1,1,65.0,3,22.083893973261137,0
289,19,2,0,1,1,65.0,0,29.273637773612958,2
289,19,2,0,1,1,65.0,0,25.029881912780773,2
289,19,2,0,1,1,65.0,0,18.72174416867925,2
136,9,2,0,1,1,65.0,0,36.16768761721002,0
289,19,2,0,1,1,65.0,0,30.163457550884225,2
289,19,2,0,1,1,65.0,3,29.443388008046245,0
91,9,2,0,1,1,65.0,0,24.57265144261369,0
192,26,12,0,1,1,65.0,0,22.86419747025286,2
289,26,2,0,1,1,110.0,2,23.58426701309084,2
103,13,2,0,1,1,110.0,0,23.888174690866563,2
45,14,3,0,1,1,65.0,3,21.358348616409184,0
297,4,5,0,1,1,65.0,3,25.760903083646703,0
54,7,9,0,1,1,65.0,3,20.493170002200817,0
350,26,12,0,1,1,65.0,0,18.932563008217365,2
341,26,12,0,1,1,65.0,0,31.343495470896272,2
350,26,12,0,1,1,65.0,0,40.058253474140685,2
82,16,12,0,1,1,65.0,3,25.18046679816514,0
2,4,12,0,1,1,65.0,3,24.063400739313828,0
297,4,12,0,1,1,65.0,3,32.55638827499218,0
139,26,12,0,0,1,65.0,3,25.046309354822704,0
171,4,12,0,0,1,110.0,2,22.51648328036532,2
170,4,12,0,0,1,110.0,2,20.657444422620124,2
350,26,12,0,0,1,110.0,2,22.423394442127712,2
350,19,12,0,0,1,110.0,2,22.283761184771297,2
350,11,12,0,0,1,110.0,2,21.131102334829137,2
350,26,12,0,0,1,110.0,2,26.899872398553924,2
350,4,12,0,0,1,110.0,2,19.006486497406055,2
26,23,12,0,1,1,110.0,2,32.17308129401379,2
171,4,12,0,1,1,110.0,2,25.65686261738114,2
21,9,12,0,1,1,110.0,2,47.160384250268876,2
21,9,12,0,1,1,110.0,2,20.602686282480356,2
107,11,12,0,1,1,110.0,2,24.397425394166426,2
57,11,12,0,1,1,110.0,2,21.539050478870426,2
385,12,12,0,1,1,110.0,2,39.50245835172202,2
350,19,12,0,1,1,110.0,2,45.84618888691439,2
171,4,12,0,1,1,110.0,2,46.22949586789278,2
350,19,12,0,1,1,110.0,2,21.21871535905277,2
28,26,12,0,1,1,110.0,2,22.218051416603576,2
350,10,12,0,1,1,110.0,2,21.410368849541964,2
350,26,12,0,1,1,110.0,2,30.44546197260404,2
350,26,12,0,1,1,110.0,2,20.09617348618748,2
350,26,12,0,1,1,110.0,2,20.107125114215435,2
350,26,12,0,1,1,110.0,2,24.88751074841737,2
350,19,12,0,1,1,110.0,2,20.216641394494975,2
350,19,12,0,1,1,110.0,2,22.60683421159594,2
350,11,12,0,1,1,110.0,2,26.108617273534243,2
350,19,12,0,1,1,110.0,2,41.21365023108984,2
350,11,12,0,1,1,110.0,2,20.416508606005138,2
350,26,12,0,1,1,110.0,2,20.27961325565571,2
350,26,12,0,1,1,110.0,2,29.955376618353096,2
327,26,12,0,0,1,110.0,3,23.27214561429415,2
350,26,12,0,0,1,110.0,3,19.359676501307572,2
289,19,13,0,1,1,110.0,2,21.21871535905277,2
289,19,13,0,1,1,110.0,2,21.09003372972431,2
289,19,13,0,1,1,110.0,2,21.634877224115023,2
289,19,13,0,1,1,110.0,2,31.743229893916592,2
289,19,13,0,1,1,110.0,3,31.2175517485748,2
308,14,15,0,1,1,110.0,3,30.27844964517774,2
284,26,19,0,1,0,65.0,3,27.65279682547576,3
246,27,19,0,1,1,65.0,3,27.48852240505645,2
154,11,19,0,1,1,110.0,3,21.445961640632817,2
332,26,12,0,1,1,65.0,0,32.12653687489498,2
242,16,7,0,1,1,65.0,3,19.45276533954518,0
37,8,7,0,1,1,65.0,3,20.515073258256724,0
348,24,7,0,1,1,65.0,3,20.931235123318977,0
18,16,7,0,1,1,65.0,3,20.44662558308201,0
89,24,7,0,1,1,65.0,3,24.578127256627667,0
111,23,7,0,1,1,65.0,3,20.380915814914285,0
129,23,7,0,1,1,65.0,3,19.168023010818377,0
382,11,7,0,1,1,110.0,3,22.828604679162012,2
182,21,6,0,1,1,65.0,3,31.2175517485748,0
381,4,6,0,1,1,65.0,3,28.444051950495442,0
378,10,6,0,1,1,65.0,3,19.398007199405413,0
161,19,6,0,1,1,65.0,3,21.36656233743015,0
254,18,6,0,1,1,65.0,3,20.679347678676034,0
364,4,6,0,1,1,65.0,3,19.956540228831066,0
271,6,6,0,1,1,65.0,3,21.48976815274463,0
279,6,6,0,1,1,65.0,3,21.372038151444126,0
313,19,10,0,1,1,65.0,3,19.32682161722371,0
179,11,10,0,1,1,65.0,3,21.229666987080723,0
56,16,10,0,1,1,65.0,3,19.904519995698287,0
235,24,10,0,1,1,65.0,3,20.123552556257366,0
276,24,10,0,1,1,65.0,0,19.41717254845433,2
301,4,10,0,1,1,65.0,3,22.491842117302426,0
126,6,10,0,1,1,65.0,3,25.320100055521554,0
122,4,10,0,1,1,65.0,3,20.443887676075022,0
5,13,10,0,1,1,65.0,3,22.987403285567346,0
184,4,10,0,1,1,65.0,3,20.46305302512394,0
185,21,10,0,1,1,65.0,3,21.377513965458103,0
3,23,10,0,1,1,65.0,3,22.623261653637872,0
126,6,10,0,1,1,65.0,3,24.94226888855714,0
289,19,2,0,0,1,65.0,3,22.05925281019824,0
141,26,2,0,1,1,65.0,3,21.41858257056293,0
217,26,2,0,1,1,65.0,0,20.011298368970838,2
255,15,2,0,0,1,65.0,3,19.67453580711125,0
212,11,2,0,0,1,65.0,3,25.544608430094613,0
337,11,2,0,1,1,65.0,0,27.151759843196864,2
289,19,2,0,1,1,65.0,0,19.414434641447343,2
289,19,2,0,1,1,65.0,3,19.718342319223066,0
350,26,2,0,1,1,65.0,0,24.947744702571118,2
350,26,2,0,0,1,65.0,3,21.73344187636661,0
74,23,2,0,1,1,65.0,3,22.93812095944155,0
349,23,2,0,1,1,65.0,3,25.41592680076615,0
289,19,2,0,1,1,65.0,0,27.964918224272452,2
350,26,2,0,1,1,110.0,3,18.322009745658928,2
16,19,3,0,1,1,65.0,3,27.94849078223052,0
360,24,3,0,1,1,65.0,3,18.828522541951802,0
369,9,3,0,1,1,65.0,3,31.2175517485748,0
54,7,3,0,1,1,65.0,3,21.12836442782215,0
126,6,5,0,1,1,65.0,3,26.689053559015807,0
71,12,5,0,1,1,65.0,3,24.364570510082565,0
245,21,9,0,1,1,65.0,3,22.48636630328845,0
350,26,11,0,1,1,65.0,3,33.61322037968974,2
289,19,11,0,1,1,65.0,3,28.3591768332788,0
280,16,11,0,1,1,65.0,3,22.387801651036863,0
105,11,11,0,1,1,65.0,3,29.908832199234293,0
247,1,11,0,1,1,65.0,3,31.71037500983273,0
185,21,11,0,1,1,65.0,3,20.049629067068675,0
63,23,11,0,1,1,65.0,3,23.962098180055253,0
362,9,12,0,1,1,65.0,3,21.046227217612493,0
206,2,12,0,1,1,65.0,0,22.861459563245873,2
256,10,12,0,1,1,65.0,3,19.80869325045369,0
217,26,12,0,1,1,65.0,3,26.453593556414795,0
254,18,12,0,1,1,65.0,3,19.12969231272054,0
243,26,12,0,1,1,65.0,3,24.066138646320816,0
350,26,12,0,1,1,65.0,0,18.68067556357442,2
158,11,12,0,1,1,65.0,0,26.765714955211486,2
355,6,12,0,1,1,65.0,0,18.57389719030187,2
300,9,12,0,1,1,65.0,3,26.385145881240085,0
96,13,12,0,1,1,65.0,0,27.003912864819487,2
102,0,12,0,1,1,65.0,0,20.70125093473194,0
133,23,12,0,1,1,65.0,3,23.5705774780559,0
86,23,12,0,1,0,65.0,0,24.79442191017976,3
206,2,12,0,1,1,65.0,0,24.178392833607347,2
86,23,19,0,1,0,65.0,0,28.59189892887282,3
124,26,12,0,1,1,110.0,0,19.82238278548863,2
350,26,12,0,1,1,110.0,0,39.094510207680734,2
381,4,12,0,1,1,110.0,0,47.15217052924791,2
54,7,12,0,1,1,110.0,3,31.773346870993468,0
139,26,12,0,1,1,110.0,3,36.51813971410455,2
238,23,12,0,1,1,110.0,0,33.1231350254388,2
289,19,13,0,1,1,65.0,3,34.54684666907283,0
289,19,13,0,1,1,65.0,0,30.92185779182004,2
72,18,13,0,1,1,110.0,3,47.16586006428285,2
289,19,13,0,1,1,110.0,0,32.915054092907674,2
289,19,13,0,1,1,110.0,3,36.044481801895536,2
289,19,13,0,1,1,110.0,0,42.226675823675585,2
222,26,14,0,1,1,65.0,0,26.637033325883024,2
266,11,14,0,1,1,65.0,3,28.120978923670798,0
121,4,14,0,1,1,65.0,3,34.24567689830409,0
95,24,11,0,1,0,65.0,3,34.97669806917002,3
307,1,15,0,1,1,65.0,3,24.657526559830334,0
125,24,15,0,1,1,65.0,3,30.41260708852018,0
193,11,15,0,1,1,65.0,3,29.927997548283212,0
290,24,15,0,0,1,65.0,3,20.241282557557874,0
228,20,15,0,1,1,65.0,3,40.022660683049835,0
268,7,15,0,1,1,65.0,3,29.21887963347319,0
240,23,15,0,1,1,65.0,0,23.028471890672172,2
6,14,16,0,1,1,65.0,3,21.08455791571033,0
255,15,19,0,1,1,65.0,3,19.359676501307572,0
346,10,19,0,1,1,65.0,0,33.06563897829204,2
53,5,20,0,1,1,65.0,3,39.71327719126013,0
196,26,12,0,1,1,65.0,0,38.1718355463256,1
270,13,12,0,1,1,65.0,3,21.78546210949939,0
191,11,12,0,1,1,110.0,3,41.67361860826391,2
136,9,6,1,1,1,110.0,1,19.077672079587757,2
128,26,6,1,1,1,110.0,1,20.99420698447971,2
154,11,6,1,1,1,110.0,1,21.760820946436493,2
114,12,6,1,1,1,110.0,1,26.828686816372223,2
162,26,10,1,1,1,110.0,1,21.21871535905277,2
289,19,2,1,1,1,110.0,1,19.302180454160816,2
289,19,2,1,1,1,110.0,1,20.1153388352364,2
289,19,2,1,1,1,110.0,1,21.571905362954286,2
350,13,12,1,0,1,110.0,2,20.545190235333596,2
350,19,12,1,1,1,110.0,2,21.870337226716035,2
325,13,13,1,1,0,110.0,1,25.851254014877323,3
289,19,13,1,1,1,110.0,1,31.611810357581145,2
100,26,15,1,1,1,110.0,1,23.16262933401461,2
39,4,6,1,1,1,110.0,1,22.0209221121004,2
334,12,12,1,1,1,110.0,1,27.67470008153167,2
289,19,13,1,1,1,110.0,1,21.217778,2
258,23,12,1,1,1,110.0,1,36.8138336708593,2
13,9,19,1,1,1,110.0,1,23.82794073671282,2
246,27,7,2,1,1,110.0,1,18.672461842553457,2
289,19,2,2,1,1,110.0,1,21.21871535905277,2
310,4,3,2,1,1,110.0,1,19.241946500007067,2
246,27,11,2,1,1,110.0,1,22.86693537725985,2
258,23,12,2,1,1,110.0,1,33.18884479360653,2
171,4,12,2,1,1,110.0,2,23.395351429608635,2
350,26,12,2,1,1,110.0,2,19.36241440831456,2
350,19,12,2,1,1,110.0,2,22.218051416603576,2
350,26,14,2,1,1,110.0,1,18.327485559672905,2
289,19,2,3,1,1,65.0,3,19.868927204607434,0
275,11,14,3,1,1,65.0,3,21.038013496591528,0
335,19,2,3,1,1,65.0,3,47.94890146828156,0
289,19,13,3,1,1,110.0,3,18.39319532784063,2
289,19,2,4,1,1,110.0,1,25.29272098545167,2
289,19,2,4,1,1,110.0,1,21.217778,2
289,19,2,4,1,1,110.0,1,22.620523746630884,2
1,0,2,4,1,1,110.0,1,25.05178516883668,0
289,19,2,4,1,1,110.0,1,21.05170303162647,2
289,19,13,4,1,1,110.0,1,44.063811425364875,2
218,4,8,4,1,1,110.0,1,25.670552152416082,2
319,4,8,4,1,1,110.0,1,19.373366036342514,2
331,26,12,4,1,1,110.0,1,28.353701019264822,2
151,4,12,4,1,1,110.0,1,22.37685002300891,2
350,26,12,4,1,1,110.0,1,35.60367877377039,2
289,11,0,5,0,1,110.0,2,25.1421361000673,2
289,19,12,6,1,1,110.0,2,20.27961325565571,2
289,19,13,6,1,1,110.0,2,37.54759274873223,2
289,19,12,16,0,1,110.0,2,25.380334009675302,2
350,19,12,17,1,1,110.0,2,20.70398884173893,2
289,26,12,17,1,0,73.75,2,37.325822281166154,3
162,26,6,7,1,1,65.0,3,21.217778,0
61,8,6,7,1,1,65.0,3,20.791601865962562,0
33,18,6,7,1,1,65.0,3,20.624589538536263,0
154,11,10,7,1,1,65.0,3,25.478898661926888,0
206,2,2,7,1,1,65.0,3,44.15963817060947,0
289,19,2,7,1,1,65.0,3,21.05170303162647,0
366,11,10,7,1,1,65.0,3,22.075680252240172,0
2,4,6,8,0,1,65.0,3,23.261193986266196,0
329,26,2,8,1,1,65.0,3,25.708882850513923,0
350,26,11,8,1,1,65.0,3,18.431526025938467,2
103,13,10,8,1,0,65.0,3,29.47350498512312,3
205,1,12,8,1,0,65.0,0,56.68008691356792,3
154,11,19,8,1,1,65.0,3,31.132676631358155,0
92,27,7,8,1,1,65.0,3,37.706391355137555,0
180,11,7,8,1,1,65.0,3,20.79707767997654,0
323,6,7,8,1,1,65.0,0,21.21871535905277,2
279,6,6,8,1,1,65.0,3,21.870337226716035,0
345,11,10,8,1,1,65.0,0,30.79317616249158,2
289,19,2,8,1,1,65.0,3,29.134004516256546,0
289,19,2,8,1,1,65.0,3,18.434263932945456,0
329,26,2,8,1,1,65.0,3,20.50138372322178,0
365,11,2,8,0,1,65.0,3,25.01893028475282,0
140,14,2,8,1,1,65.0,0,31.704899195818754,0
174,18,2,8,1,1,110.0,0,29.322920099738752,2
185,21,3,8,1,1,65.0,3,20.561617677375526,0
333,4,12,8,1,0,65.0,0,44.37045701014758,3
216,9,12,8,1,1,65.0,0,41.81598977262731,1
252,2,12,8,1,0,65.0,0,50.78811103452865,3
346,10,12,8,1,1,65.0,3,23.929243295971393,0
298,4,12,8,1,1,65.0,3,32.164867572992826,0
110,23,12,8,1,0,65.0,0,31.6939475677908,3
202,3,12,8,1,1,110.0,0,33.94998294154933,2
50,12,14,8,1,1,65.0,3,24.326239811984724,0
228,20,15,8,1,1,65.0,0,26.018266342303622,2
62,21,20,8,1,1,65.0,3,28.66582241806151,0
126,6,12,8,1,1,65.0,3,21.194074195989874,0
289,19,13,8,1,1,110.0,0,25.265341915381782,2
24,4,12,18,1,1,110.0,2,22.899790261343714,0
350,9,12,18,1,1,110.0,2,19.756673017320907,2
350,10,12,18,1,1,110.0,2,27.51042566111236,2
289,19,13,18,1,1,110.0,2,21.21871535905277,2
384,9,2,9,1,1,65.0,3,35.82271133432947,0
9,23,2,9,1,1,65.0,3,31.27504779572156,0
54,7,2,9,1,1,110.0,3,46.04331819141756,0
343,19,12,9,1,1,65.0,0,23.299524684364034,2
263,10,7,9,1,1,65.0,3,19.241946500007067,0
73,17,6,9,1,1,65.0,3,20.02498790400578,0
330,11,12,10,1,1,110.0,2,21.60749815404514,2
23,11,12,10,1,1,110.0,2,20.238544650550885,2
171,4,12,10,1,1,110.0,2,23.04763723972109,2
350,19,12,10,0,1,110.0,2,19.920947437740217,2
350,4,12,10,0,1,110.0,2,19.959278135838055,2
201,26,12,10,1,1,110.0,2,31.132676631358155,2
350,26,12,10,1,1,110.0,2,20.55614186336155,2
289,11,13,10,1,1,110.0,2,31.735016172895627,2
289,19,13,10,1,1,110.0,2,42.12263535741002,2
289,19,13,10,1,1,110.0,2,21.21871535905277,2
289,19,13,12,1,1,110.0,2,21.100985357752265,2
289,26,12,13,1,1,110.0,2,20.495907909207805,2
350,16,12,11,1,1,110.0,2,26.22908518184174,2
350,26,12,11,1,1,110.0,2,37.59413716785103,2
25,24,12,14,1,1,110.0,2,22.031873740128358,2
289,19,3,15,1,1,110.0,2,31.239455004630706,2
289,1,12,19,0,1,110.0,2,19.945588600803113,2
289,13,12,19,0,1,110.0,2,19.956540228831066,2
385,12,12,19,0,1,110.0,2,31.2175517485748,2
350,9,12,19,0,1,110.0,2,19.411696734440355,2
58,7,12,19,0,1,110.0,2,21.372038151444126,0
289,19,12,19,0,1,110.0,2,21.10919907877323,2
350,26,12,19,0,1,110.0,2,30.601522672002385,2
350,4,12,19,0,1,110.0,2,18.948990450259295,2
289,11,12,19,0,1,110.0,2,29.84312243106657,2
289,26,2,20,1,1,110.0,2,20.35627465185139,2
289,26,12,20,1,1,110.0,2,19.962016042845043,2
289,26,12,20,1,1,110.0,2,41.583267677033284,2
171,4,12,20,1,1,110.0,2,21.21871535905277,2
22,11,12,20,1,1,110.0,2,40.737254411873835,2
21,9,12,20,1,1,110.0,2,20.38912953593525,0
350,26,12,20,1,1,110.0,2,20.79707767997654,2
350,19,12,20,1,1,110.0,2,19.972967670872997,2
289,26,12,20,1,1,110.0,2,23.866271434810656,2
289,26,12,20,1,1,110.0,2,24.775256561130842,2
350,11,12,20,1,1,110.0,2,19.652632551055344,2
350,11,12,20,1,1,110.0,2,19.67727371411824,2
350,12,12,20,1,1,110.0,2,25.298196799465646,2
350,18,12,20,1,1,110.0,2,21.25430815014362,2
289,11,12,20,1,1,110.0,2,27.340675426679073,2
350,4,12,20,1,1,110.0,2,19.058506730538838,2
350,4,12,20,1,1,110.0,2,26.913561933588866,2
350,4,12,20,1,1,110.0,2,19.469192781587115,2
350,4,12,20,1,1,110.0,2,19.64168092302739,2
350,9,12,20,1,1,110.0,2,17.62384345887686,2
350,11,12,20,1,1,110.0,2,19.614301852957503,2
289,19,12,20,1,1,110.0,2,22.218051416603576,2
350,19,12,20,1,1,110.0,2,24.816325166235668,2
350,7,12,20,1,1,110.0,2,23.81698910868486,2
350,14,12,20,1,1,110.0,2,25.317362148514565,2
289,26,13,20,1,1,110.0,2,18.00715043985525,2
289,26,13,20,1,1,110.0,2,20.709464655752907,2
289,19,13,20,1,1,110.0,2,51.36033359898924,2
289,19,13,20,1,1,110.0,2,18.688889284595387,2
289,10,19,21,2,1,110.0,2,28.791766140382983,2
338,24,0,22,1,1,110.0,1,21.88128885474399,2
136,9,6,22,1,1,110.0,1,22.163293276463804,2
200,18,10,22,1,1,110.0,1,20.939448844339942,2
136,9,2,22,1,1,110.0,1,18.946252543252307,2
289,19,2,22,0,1,110.0,1,30.494744298729834,2
350,26,2,22,1,1,110.0,1,21.243356522115665,2
82,16,3,22,1,1,110.0,1,19.953802321824078,2
117,23,7,22,1,1,110.0,1,24.123634693467576,2
306,6,6,22,1,1,110.0,1,21.169433032926975,2
265,17,6,22,1,1,110.0,1,23.962098180055253,2
371,23,6,22,1,1,110.0,1,21.131102334829137,2
350,26,2,22,1,1,110.0,1,20.15914534734822,2
320,11,2,22,1,1,110.0,1,33.01361874515926,2
302,23,12,22,0,1,110.0,1,25.681503780444036,2
289,19,13,22,1,1,110.0,1,22.12222467135898,2
88,12,0,22,1,1,0.0,1,40.405967664028225,0
32,10,19,22,1,1,110.0,1,21.09003372972431,2
350,4,12,29,1,1,110.0,2,29.796578011947762,2
350,26,12,29,1,1,110.0,2,21.095509543738288,2
128,26,0,23,1,1,65.0,3,22.218051416603576,0
163,26,6,23,1,1,65.0,3,20.660182329627112,0
289,19,2,23,0,1,65.0,3,21.217778,0
289,19,2,23,0,1,65.0,3,27.808857524874107,0
289,19,2,23,0,1,65.0,3,22.39601537205783,0
169,26,2,23,1,1,65.0,3,23.21738747415438,0
289,19,2,23,0,1,65.0,3,30.174409178912178,0
233,19,9,23,1,1,65.0,3,21.21871535905277,0
233,19,9,23,1,1,65.0,3,21.21871535905277,0
156,4,12,23,1,1,65.0,3,32.44687199471264,0
375,9,12,23,1,1,65.0,3,33.314788515927994,0
56,16,7,23,1,1,65.0,3,20.772436516913643,0
93,14,6,23,1,1,65.0,3,25.662338431395117,0
285,19,10,23,1,1,65.0,3,22.196148160547665,0
138,10,10,23,1,1,65.0,3,19.099575335643664,0
317,4,10,23,1,1,65.0,3,33.18336897959255,0
126,6,10,23,1,1,65.0,3,20.876476983179206,0
122,4,10,23,1,1,65.0,3,20.843622099095345,0
69,18,10,23,1,1,65.0,0,39.71601509826712,1
8,17,2,23,1,1,65.0,3,19.707390691195112,0
71,12,2,23,1,1,65.0,3,27.151759843196864,0
289,19,2,23,1,1,65.0,3,25.440567963829047,0
188,13,3,23,0,1,65.0,3,23.200960032112448,0
45,14,12,23,1,1,65.0,3,24.591816791662612,0
267,8,12,23,1,1,65.0,3,29.273637773612958,0
289,19,12,23,1,0,65.0,3,39.98159207794501,3
205,1,12,23,1,1,65.0,3,46.87564192154207,0
19,21,12,23,1,1,65.0,3,24.383735859131484,0
350,26,12,23,1,1,110.0,3,18.04548113795309,2
52,26,12,23,0,1,110.0,3,35.099903884484505,0
268,9,12,23,1,1,110.0,0,29.2161417264662,2
293,23,12,23,1,1,110.0,0,33.59679293764781,2
4,9,15,23,0,1,65.0,3,20.454839304102975,0
49,22,12,23,1,1,65.0,3,23.398089336615623,0
83,18,7,24,1,1,110.0,1,21.793675830520357,2
246,27,7,24,1,1,110.0,1,20.586258840438425,2
249,18,7,24,1,1,110.0,1,18.48354625907125,2
12,14,7,24,1,1,110.0,1,27.4529296139656,2
186,24,0,24,0,1,110.0,1,23.318690033412956,2
343,19,0,24,1,1,110.0,1,21.21871535905277,2
323,6,0,24,1,1,110.0,1,30.053941270604682,2
82,16,6,24,1,1,110.0,1,21.21871535905277,2
323,6,6,24,1,1,110.0,1,21.21871535905277,2
340,26,6,24,1,1,110.0,1,31.2175517485748,2
282,11,6,24,1,1,110.0,1,21.577381176968263,2
82,16,6,24,1,1,110.0,1,21.21871535905277,2
343,19,6,24,1,1,110.0,1,21.21871535905277,2
82,16,6,24,1,1,110.0,1,21.21871535905277,2
82,16,6,24,1,1,110.0,1,21.21871535905277,2
331,26,10,24,1,1,110.0,1,21.217778,2
289,19,2,24,0,1,110.0,1,19.540378363768813,2
350,26,2,24,1,1,110.0,1,18.40688486287557,2
289,19,2,24,0,1,110.0,1,19.847023948551527,2
100,26,2,24,1,1,110.0,1,46.92218634066087,1
289,19,2,24,1,1,110.0,1,21.21871535905277,2
289,19,2,24,0,1,110.0,1,19.077672079587757,2
289,19,2,24,0,1,110.0,1,27.52959101016128,2
289,19,2,24,1,1,110.0,1,19.14338184775548,2
80,26,12,24,1,1,110.0,1,39.10546183570869,2
289,10,12,24,2,1,110.0,2,19.244684407014056,2
181,24,3,24,1,1,110.0,1,19.575971154859666,2
289,26,3,24,0,1,110.0,2,37.490096701585465,2
210,8,5,24,1,1,110.0,1,20.038677439040722,2
43,11,11,24,1,1,110.0,1,23.923767481957416,2
160,26,12,24,1,1,110.0,1,24.233150973747115,2
331,26,12,24,0,1,110.0,1,34.42364085375834,2
289,11,12,24,1,1,110.0,2,32.616622229145925,2
350,17,12,24,0,1,110.0,2,27.39543356681884,2
350,26,12,24,0,1,110.0,2,33.626909914724685,2
21,9,12,24,1,1,110.0,2,20.416508606005138,0
350,10,12,24,1,1,110.0,2,20.15640744034123,2
350,26,12,24,1,1,110.0,2,25.634959361325233,2
350,13,12,24,1,1,110.0,2,19.80869325045369,2
350,26,12,24,1,1,110.0,2,27.781478454804223,2
350,26,12,24,1,1,110.0,1,43.157564206051674,2
289,19,13,24,1,1,110.0,1,25.41592680076615,2
289,19,13,24,1,1,110.0,2,29.919783827262247,2
289,11,13,24,1,1,110.0,2,21.826530714604218,2
15,26,15,24,1,1,110.0,1,21.0681304736684,2
377,23,19,24,1,0,110.0,1,28.638443347991625,3
248,6,7,24,1,1,110.0,1,19.805955343446698,2
119,17,0,24,1,1,110.0,1,27.72672031466445,2
162,26,10,24,1,1,110.0,1,20.892904425221136,2
20,19,10,24,1,1,110.0,1,18.823046727937825,2
289,19,2,24,0,1,110.0,1,21.040751403598517,2
142,18,2,24,0,1,110.0,1,34.64541132132441,2
259,16,2,24,1,1,110.0,1,36.542780877167445,2
289,19,2,24,0,1,110.0,1,22.779322353036218,2
289,19,2,24,1,1,110.0,1,21.217778,2
297,4,12,24,0,1,110.0,1,25.69245540847199,2
350,26,2,24,0,1,110.0,1,20.443887676075022,2
230,19,11,24,1,1,110.0,1,30.89995453576413,2
84,14,12,24,1,1,110.0,1,22.79027398106417,2
197,11,12,24,1,1,110.0,1,59.653453923157436,1
253,11,12,24,0,1,110.0,1,29.39958149593443,2
289,19,13,24,1,1,110.0,1,44.12404537951862,2
76,6,13,24,1,1,110.0,1,20.955876286381873,2
186,24,15,24,1,1,110.0,1,20.07974604414555,2
55,10,13,24,1,1,110.0,1,39.8885032397074,2
15,26,6,25,1,1,110.0,1,22.828604679162012,2
275,11,10,25,1,1,110.0,1,20.074270230131575,2
246,27,10,25,1,1,110.0,1,19.433599990496262,2
350,26,2,25,1,1,110.0,1,45.13980887911136,2
289,19,2,25,1,1,110.0,1,18.809357192902883,2
341,26,2,25,1,1,110.0,1,25.93339122508698,2
7,13,2,25,1,1,110.0,1,38.16362182530464,0
289,19,13,25,1,1,110.0,1,41.747542097452595,2
70,26,14,25,1,1,110.0,1,59.007307869508146,1
297,4,2,25,1,1,110.0,1,33.21622386367641,2
350,26,2,25,1,1,110.0,1,21.76355885344348,2
289,19,2,25,1,1,110.0,1,19.110526963671617,2
87,24,12,25,1,0,110.0,1,45.59430144227145,3
350,3,12,30,0,1,110.0,2,22.146865834421874,2
350,19,12,30,0,1,110.0,2,21.796413737527345,2
289,4,13,31,1,1,110.0,2,25.194156333200084,2
289,12,19,31,1,0,84.29,2,24.953220516585095,3
171,4,12,31,1,1,110.0,2,24.05792492529985,2
350,26,12,31,1,1,110.0,2,20.443887676075022,2
289,19,12,31,1,1,110.0,2,26.157899599660038,2
350,26,12,31,1,1,110.0,2,29.446125915053234,2
350,11,12,31,1,1,110.0,2,33.75011573003917,2
350,14,12,31,1,1,110.0,2,18.50271160812017,2
350,14,12,31,1,1,110.0,2,20.112600928229412,2
350,19,12,34,1,1,110.0,2,18.89149440311254,2
186,24,13,26,1,0,0.0,1,32.88767502283779,3
145,6,6,26,1,1,110.0,1,21.410368849541964,2
324,26,2,26,1,1,110.0,1,22.215313509596587,2
341,26,12,26,1,1,110.0,1,23.354282824503805,2
350,26,12,26,1,1,110.0,1,29.273637773612958,2
186,24,12,26,1,1,110.0,1,20.85183582011631,2
154,11,12,26,1,1,110.0,1,27.48852240505645,2
350,26,12,26,1,1,110.0,1,28.63296753397765,2
289,26,13,35,1,1,110.0,2,18.954466264273275,2
350,26,12,35,1,1,110.0,2,24.197558182656266,2
289,19,2,27,1,1,110.0,1,18.697103005616352,2
289,19,2,27,1,1,110.0,1,22.44529769818362,2
308,14,9,27,1,1,110.0,1,21.30906629028339,2
357,26,12,27,1,1,110.0,1,33.793922242150984,2
289,19,13,27,1,1,110.0,1,19.97022976386601,2
341,26,14,27,1,1,110.0,1,38.133504848227766,2
89,24,7,27,1,1,110.0,1,20.79433977296955,2
304,24,7,27,1,1,110.0,1,20.79433977296955,2
289,19,13,32,1,1,110.0,2,21.21871535905277,2
173,16,1,28,1,1,110.0,1,19.57049534084569,2
299,26,6,28,1,1,110.0,1,19.942850693796125,2
2,4,6,28,1,1,110.0,1,19.904519995698287,0
286,0,6,28,1,1,110.0,1,25.76364099065369,2
163,26,10,28,1,1,110.0,1,20.252234185585827,2
289,19,2,28,1,1,110.0,1,18.855901612021686,2
346,10,2,28,1,1,110.0,1,21.027061868563575,2
350,19,12,33,1,1,110.0,2,18.951728357266283,2
350,4,12,33,1,1,110.0,2,19.10505114965764,2
289,9,19,33,1,1,110.0,2,27.222945425378565,2
289,19,2,36,1,1,110.0,1,30.44546197260404,2
341,26,14,36,1,1,110.0,1,32.50163013485241,2
323,6,15,36,1,1,110.0,1,18.735433703714193,2
289,19,13,36,1,1,110.0,1,19.061244637545826,2
162,26,2,36,1,1,110.0,1,21.487030245737643,2
289,11,10,39,1,1,110.0,2,42.4840390823325,2
30,10,12,39,1,1,110.0,2,22.0455632751633,0
30,10,12,39,1,1,110.0,2,32.466037343761556,0
350,10,12,39,1,1,110.0,2,18.959942078287252,2
289,19,12,39,1,1,110.0,2,22.051039089177277,2
289,19,2,37,1,1,65.0,0,20.82719465705341,1
126,6,12,37,1,0,65.0,0,29.01353660794905,3
45,14,6,38,1,1,110.0,1,21.21871535905277,2
284,26,10,38,0,1,110.0,1,22.420656535120724,2
190,6,2,38,1,1,110.0,1,30.889002907736177,2
289,19,2,38,1,1,110.0,1,30.396179646478245,2
124,26,2,38,1,1,110.0,1,21.664994201191895,2
350,26,2,38,1,1,110.0,1,25.06821261087861,2
273,27,12,38,1,1,110.0,1,37.33403600218712,2
246,27,12,38,1,1,110.0,1,22.105797229317044,2
350,26,12,38,0,1,110.0,1,23.058588867749048,2
146,19,10,38,1,1,110.0,1,22.949072587469505,2
214,14,2,38,1,1,110.0,1,33.23538921272533,2
289,19,2,38,0,1,110.0,1,22.067466531219207,2
328,16,2,38,0,1,110.0,1,32.715186881397514,2
120,23,2,38,1,1,110.0,1,21.97163978597461,2
43,11,12,38,1,1,110.0,1,44.93172794658023,1
350,26,12,40,0,1,110.0,2,30.431772437569098,2
289,19,13,40,0,1,110.0,2,21.51714722281452,2
28,26,12,41,1,1,110.0,2,26.62608169785507,2
58,7,12,41,1,1,110.0,2,43.863944213854715,1
27,13,12,41,1,1,110.0,2,23.370710266545736,0
350,11,12,41,1,1,110.0,2,18.809357192902883,2
350,7,12,41,1,1,110.0,2,18.990059055364124,2
350,4,12,41,1,1,110.0,2,18.74364742473516,2
350,12,12,41,1,1,110.0,2,19.61703975996449,2
289,19,13,41,1,1,110.0,2,26.218133553813786,2
381,4,6,42,1,1,65.0,3,50.98797824603881,0
363,19,10,42,1,1,65.0,3,23.907340039915486,0
136,9,2,42,1,1,65.0,3,21.21871535905277,0
383,26,2,42,1,1,65.0,3,21.377513965458103,0
343,19,2,42,1,1,65.0,0,50.02423497957886,1
316,0,11,42,1,1,65.0,3,22.511007466351344,0
356,11,12,42,1,1,65.0,3,28.20859194789443,0
343,19,6,43,1,1,65.0,3,21.21871535905277,0
319,4,6,43,1,1,65.0,3,21.21871535905277,0
289,19,2,43,1,1,65.0,0,19.247422314021044,1
220,24,7,43,1,1,65.0,3,20.33710930280247,0
177,23,7,43,1,1,65.0,3,19.816906971474655,0
209,14,6,43,1,1,65.0,3,31.978689896517604,0
48,17,2,43,1,1,65.0,3,22.64790281670077,0
226,9,2,43,1,1,65.0,3,18.910659752161457,0
289,19,13,43,1,1,110.0,3,29.45160172906721,2
277,26,3,43,1,1,65.0,0,20.564355584382515,1
115,19,11,43,1,1,65.0,0,20.816243029025458,1
351,19,12,43,1,1,65.0,0,24.20850981068422,1
126,6,12,43,1,1,110.0,0,27.715768686636498,1
289,19,2,44,1,1,65.0,3,19.855237669572492,0
232,25,2,44,1,1,65.0,0,25.298196799465646,1
274,21,12,44,1,1,110.0,0,25.774592618681645,2
228,20,14,44,1,1,65.0,3,47.20966657639467,1
187,15,14,44,1,1,65.0,3,34.96300853413508,0
224,11,14,44,1,1,110.0,0,29.71170289473112,2
113,14,2,45,1,1,65.0,0,22.086631880268126,1
152,15,15,45,1,1,65.0,0,26.732860071127625,1
68,15,6,46,1,1,65.0,3,20.50138372322178,0
289,19,2,46,1,1,65.0,3,23.63902515323061,0
83,18,2,46,1,1,65.0,3,18.88875649610555,0
339,10,11,46,1,1,65.0,0,35.81997342732248,1
350,26,12,46,1,1,65.0,3,23.973049808083207,0
239,11,4,46,1,1,65.0,3,22.899790261343714,0
41,26,12,46,1,1,65.0,0,39.987067891958986,1
67,14,15,46,1,1,65.0,3,27.699341244594567,0
275,11,9,47,1,1,65.0,3,20.285089069669688,0
237,13,2,47,1,1,65.0,3,21.49250605975162,0
54,7,11,47,1,1,65.0,3,39.53531323580588,0
349,23,12,47,1,1,110.0,0,35.12180714054041,2
233,19,14,47,1,1,65.0,0,25.922439597059025,1
289,19,15,47,1,1,65.0,0,33.079328513326985,1
43,11,15,47,1,1,65.0,0,26.2619400659256,1
289,26,12,48,0,1,110.0,2,18.083811836050927,2
289,19,12,48,0,1,110.0,2,18.79840556487493,2
289,26,2,49,1,1,110.0,2,18.201541837351435,2
289,11,2,49,1,1,110.0,2,37.40795949137581,2
350,4,12,49,1,1,110.0,2,20.97504163543079,2
289,19,12,49,1,1,110.0,2,20.62732744554325,2
350,26,12,49,1,1,110.0,2,25.977197737198797,2
350,11,12,49,1,1,110.0,2,21.21871535905277,2
289,19,13,49,1,1,110.0,2,21.21871535905277,2
289,19,2,50,1,1,110.0,1,19.036603474482927,2
64,4,14,50,1,1,110.0,1,22.970975843525416,2
288,19,10,50,1,1,110.0,1,23.71021073541231,2
289,19,2,50,0,1,110.0,1,21.217778,2
289,19,2,50,0,1,110.0,1,19.135168126734516,2
123,4,2,50,1,1,110.0,1,25.262604008374794,0
78,17,9,50,1,1,110.0,1,19.75119720330693,2
289,19,11,50,1,1,110.0,1,37.18071320979576,1
144,4,12,50,1,1,110.0,1,26.95736844570068,2
84,14,12,50,1,1,110.0,1,23.367972359538747,2
207,14,12,50,1,1,110.0,1,23.17905677605654,2
187,15,12,50,1,1,110.0,1,44.761977712146944,1
289,19,13,50,1,1,110.0,1,47.55738076628221,1
350,26,12,50,1,1,110.0,1,27.773264733783257,2
30,10,12,51,0,1,110.0,2,29.83764661705259,0
350,10,12,51,0,1,110.0,2,21.131102334829137,2
22,11,12,52,1,1,110.0,2,30.85341011664533,0
108,13,12,53,1,1,110.0,2,22.858721656238885,2
350,10,12,53,1,1,110.0,2,21.188598381975897,2
154,11,7,54,0,1,65.0,3,23.170843055035576,0
287,26,0,54,0,1,65.0,3,26.899872398553924,0
64,4,6,54,0,1,65.0,3,21.95247443692569,0
130,12,6,54,0,1,65.0,3,53.10438036244093,0
282,11,10,54,0,1,65.0,3,33.594055030640824,0
289,19,2,54,0,1,65.0,3,28.11824101666381,0
186,24,2,54,1,1,65.0,0,34.705645275478155,1
29,20,3,54,1,1,65.0,3,31.776084778000456,0
323,6,3,54,1,1,65.0,3,23.05585096074206,0
258,23,3,54,1,1,65.0,3,20.443887676075022,0
381,4,9,54,1,1,65.0,3,30.418082902534156,0
112,26,12,54,0,1,65.0,3,24.441231906278244,0
200,18,12,54,1,0,65.0,3,41.58874349104726,3
206,2,12,54,1,1,65.0,3,33.33395386497691,0
350,26,12,54,1,1,65.0,0,19.726556040244034,1
286,0,13,54,1,1,65.0,0,45.090526552985565,1
163,26,13,54,1,0,65.0,0,32.216887806125605,3
289,19,13,54,1,0,65.0,0,42.642837688737835,3
199,8,6,54,0,1,65.0,3,22.41244281409976,0
119,17,6,54,1,1,65.0,3,19.41991045546132,0
70,26,10,54,0,1,65.0,3,25.303672613479623,0
260,19,10,54,0,1,65.0,3,23.294048870350057,0
288,19,10,54,1,1,65.0,0,26.787618211267393,1
326,15,10,54,1,1,65.0,3,23.84163027174776,0
79,11,10,54,1,1,65.0,0,20.88469070420017,1
109,4,10,54,0,1,65.0,3,19.01743812543401,0
10,12,10,54,1,1,65.0,3,22.511007466351344,0
147,4,10,54,0,1,65.0,3,27.87730520004882,0
380,11,10,54,0,1,65.0,3,38.100649964143905,0
45,14,2,54,0,1,65.0,3,35.03145620930979,0
85,10,2,54,1,1,65.0,3,23.225601195175347,0
318,8,2,54,1,1,65.0,0,18.792929750860953,1
289,19,2,54,1,1,65.0,3,18.98184533434316,0
289,19,2,54,1,1,65.0,0,23.46927491879732,1
75,24,2,54,0,1,65.0,3,21.27621140619953,0
189,4,2,54,1,1,65.0,0,29.938949176311166,1
229,16,2,54,1,1,65.0,3,45.23289771734897,0
67,14,2,54,1,1,65.0,3,24.734187956026013,0
289,19,2,54,0,1,65.0,3,31.29147523776349,0
289,19,2,54,1,1,65.0,0,31.537886868392455,1
305,3,2,54,0,1,65.0,3,28.668560325068498,0
350,26,2,54,1,1,110.0,0,18.445215560973413,2
172,24,3,54,0,1,65.0,3,22.458987233218565,0
155,11,11,54,1,1,65.0,3,29.54195266029783,0
350,26,12,54,1,1,65.0,0,23.151677705986657,1
223,26,12,54,1,1,65.0,0,27.81707124589507,1
139,26,12,54,1,1,65.0,0,44.890659341475406,1
104,18,12,54,1,1,65.0,0,24.07982818135576,1
143,11,12,54,1,1,65.0,0,30.90269244277112,1
258,23,12,54,1,1,65.0,0,22.658854444728725,1
202,3,12,54,1,0,65.0,0,24.63014748976045,3
17,11,12,54,1,1,65.0,3,19.096837428636675,0
45,14,12,54,1,1,65.0,0,23.45558538376238,1
54,7,12,54,1,1,110.0,0,37.386056235319906,1
350,26,12,54,1,1,65.0,0,52.332290586470165,1
289,19,12,54,1,1,65.0,0,47.5354775102263,1
116,23,12,54,1,1,65.0,0,25.36938238164735,1
289,19,13,54,1,1,65.0,3,25.67329005942307,0
243,26,13,54,1,1,65.0,0,31.220289655581787,1
148,24,13,54,1,0,65.0,0,31.76239524296551,3
289,19,13,54,1,1,65.0,0,38.79060252990501,1
289,19,13,54,1,1,65.0,0,34.40721341171641,1
350,26,14,54,1,1,65.0,3,52.07766523482024,1
229,16,14,54,1,1,65.0,3,35.37369458518335,0
207,14,14,54,1,1,65.0,3,22.50279374533038,0
62,21,15,54,0,1,65.0,3,31.554314310434386,0
204,19,15,54,0,1,65.0,3,21.20228791701084,0
98,18,15,54,0,1,65.0,3,23.332379568447898,0
84,14,15,54,0,1,65.0,3,20.745057446843756,0
188,13,15,54,0,1,65.0,3,19.896306274677322,0
35,14,15,54,0,1,65.0,3,22.308402347834196,0
53,5,15,54,0,1,65.0,3,55.615041087849384,0
0,14,15,54,0,1,65.0,3,21.82379280759723,0
379,8,19,54,0,1,65.0,3,31.072442677204407,0
61,8,19,54,1,1,65.0,0,22.160555369456816,1
47,24,19,54,0,1,65.0,3,21.243356522115665,0
297,4,19,54,1,1,65.0,3,25.52544308104569,0
344,23,19,54,1,0,65.0,3,20.36996418688633,3
126,6,20,54,0,1,65.0,3,29.221617540480178,0
58,7,12,55,1,1,110.0,2,43.66133909533756,1
350,10,12,55,1,1,110.0,2,20.443887676075022,2
30,10,12,55,1,1,110.0,2,20.26318581361378,0
350,26,12,55,1,1,110.0,2,18.932563008217365,2
350,26,12,55,1,1,110.0,2,43.286245835380136,1
289,26,12,56,0,1,110.0,2,44.30474724197986,2
289,19,12,56,0,1,110.0,2,24.99428912168992,2
289,26,17,56,0,1,110.0,2,30.99030546699475,2
289,26,2,57,1,1,110.0,2,18.9243492871964,2
289,26,2,57,1,1,110.0,2,20.64923070159916,2
289,26,2,57,1,1,110.0,2,17.96881974175741,2
289,26,12,57,1,1,110.0,2,20.164621161362195,2
289,11,12,57,1,1,110.0,2,40.271810220685786,1
171,4,12,57,1,1,110.0,2,22.579455141526058,2
57,11,12,57,1,1,110.0,2,19.504785572677964,0
350,26,12,57,1,1,110.0,2,23.595218641118795,2
350,26,12,57,1,1,110.0,2,19.565019526831712,2
350,19,12,57,1,1,110.0,2,18.24534834946325,2
289,19,13,57,1,1,110.0,2,27.863615665013878,2
289,26,13,58,1,1,110.0,2,26.74381169915558,2
289,19,12,58,0,1,110.0,2,18.697103005616352,2
106,4,12,58,1,1,110.0,2,24.003166785160083,0
171,4,12,58,1,1,110.0,2,32.44139618069866,1
289,19,13,58,1,1,110.0,2,30.218215691023993,2
289,19,13,58,1,1,110.0,2,21.21871535905277,2
289,19,15,58,1,1,110.0,2,29.752771499835948,2
282,11,6,59,0,1,65.0,3,24.216723531705185,0
45,14,6,59,0,1,65.0,3,30.218215691023993,0
310,4,10,59,0,1,65.0,3,24.17565492660036,0
43,11,3,59,1,1,65.0,3,53.39733641218869,0
43,11,3,59,1,1,65.0,3,30.44546197260404,0
70,26,12,59,0,1,65.0,3,20.991469077472722,0
368,18,7,59,0,1,65.0,3,22.06472862421222,0
323,6,7,59,0,1,65.0,3,19.21730533694417,0
60,19,10,59,1,1,65.0,3,26.77666658323944,0
291,23,2,59,1,1,65.0,3,35.37369458518335,0
194,23,2,59,1,1,65.0,3,35.82544924133646,0
372,4,3,59,0,1,65.0,3,21.229666987080723,0
303,4,4,59,0,1,65.0,3,27.48852240505645,0
132,26,12,59,1,1,65.0,0,21.081820008703342,1
370,11,12,59,0,1,65.0,3,25.793757967730567,0
347,9,12,59,1,1,65.0,3,29.172335214354383,0
139,26,12,59,0,0,65.0,3,34.09509201291972,3
187,15,12,59,1,1,65.0,3,38.52776345723411,0
289,19,12,59,1,1,65.0,3,49.862698466166535,1
289,19,13,59,1,0,65.0,0,40.835819064125424,3
289,19,13,59,1,1,65.0,0,43.45052025579945,1
241,14,15,59,1,1,65.0,3,26.675364023980865,0
30,10,12,81,2,1,110.0,2,40.87688766923025,1
350,11,12,82,1,1,110.0,2,32.60293269411098,1
350,26,12,82,1,1,110.0,2,37.76662530929131,1
178,6,6,60,1,1,65.0,3,25.062736796864634,0
44,16,6,60,1,1,65.0,3,20.36996418688633,0
275,11,10,60,1,1,65.0,0,23.192746311091483,1
289,19,2,60,1,1,65.0,0,55.081149221486626,1
321,4,12,60,1,1,65.0,3,19.819644878481643,0
315,9,7,61,1,1,65.0,3,21.85664769168109,0
331,26,0,61,1,1,65.0,0,34.46470945886317,1
289,19,2,61,1,1,65.0,3,20.61363791050831,0
289,19,2,61,1,1,65.0,3,19.65810836506932,0
289,19,2,61,1,1,65.0,3,20.030463718019757,0
289,19,2,61,1,1,65.0,0,19.909995809712264,1
289,19,2,61,1,1,65.0,3,21.93330908787677,0
289,19,2,61,1,1,65.0,3,18.710792540651298,0
54,7,2,61,1,1,65.0,3,24.96143423760606,0
289,19,2,61,1,1,65.0,3,21.738917690380585,0
82,16,3,61,1,1,65.0,3,20.95861419338886,0
36,16,3,61,1,1,65.0,0,19.485620223629045,1
264,26,9,61,1,1,65.0,0,19.942850693796125,1
350,26,11,61,1,1,65.0,3,33.56941386757793,1
359,26,12,61,1,1,65.0,0,23.992215157132126,1
289,19,13,61,1,1,65.0,3,22.108535136324033,0
213,19,12,61,1,1,65.0,3,29.02996404999098,0
40,26,7,61,1,1,65.0,3,44.88244562045443,1
18,16,7,61,1,1,65.0,3,19.214567429937183,0
358,16,7,61,1,1,65.0,3,19.559543712817735,0
39,4,10,61,1,1,65.0,3,21.163957218912998,0
373,4,10,61,1,1,110.0,0,21.369300244437138,2
206,2,2,61,1,1,65.0,0,38.05684345203209,1
289,19,2,61,1,1,65.0,0,22.040087461149323,1
199,8,2,61,1,1,65.0,0,21.117412799794195,1
184,4,2,61,1,1,65.0,0,38.95487695032432,1
68,15,2,61,1,1,65.0,3,29.520049404241924,0
206,2,2,61,1,1,65.0,3,19.07219626557378,0
204,19,2,61,1,1,110.0,0,22.842294214196954,1
292,1,2,61,1,1,65.0,0,49.43832288008331,1
45,14,4,61,1,1,65.0,0,22.198886067554653,1
77,23,11,61,1,1,65.0,0,27.28865519354629,1
54,7,12,61,1,1,65.0,3,33.5995308446548,0
131,24,12,61,1,1,65.0,3,30.07858243366758,0
115,19,12,61,1,1,65.0,0,27.975869852300406,1
215,20,12,61,1,1,65.0,3,28.857475908550704,0
99,12,12,61,1,1,65.0,0,36.93703948617379,1
342,18,12,61,1,1,110.0,0,23.91555376093645,2
221,26,12,61,1,1,65.0,0,61.67950510832893,1
244,11,14,61,1,1,65.0,0,48.56493054485398,1
159,11,12,62,1,1,0.0,0,22.7601570039873,1
289,19,13,63,1,0,65.0,3,23.187270497077506,3
127,24,7,63,1,0,65.0,3,19.173498824832354,3
97,23,7,63,1,1,65.0,3,20.460315118116952,0
289,19,2,64,1,1,65.0,3,21.217778,0
289,19,2,64,1,1,65.0,0,22.083893973261137,1
54,7,12,64,1,1,65.0,0,26.66988820996689,1
289,19,13,64,1,1,65.0,0,29.43517428702528,1
308,14,7,65,1,1,110.0,1,20.498645816214793,2
308,14,10,65,1,1,110.0,1,20.843622099095345,2
46,11,3,65,1,1,110.0,1,20.271399534634746,1
54,7,12,65,1,1,65.0,1,36.55647041220239,1
289,19,13,65,1,1,110.0,1,36.21423203632882,1
322,13,14,65,1,1,110.0,1,19.606088131936538,2
366,11,1,65,1,1,110.0,1,32.435920366684684,1
149,24,10,65,1,1,110.0,1,20.86826326215824,1
136,9,10,65,1,1,110.0,1,24.66300237384431,1
87,24,3,65,1,1,110.0,1,20.186524417418102,1
150,11,12,65,1,1,110.0,1,24.934055167536176,1
332,26,12,65,1,1,65.0,1,43.319100719464,1
193,11,19,65,1,1,110.0,1,26.034693784345553,1
154,11,19,66,1,1,65.0,0,27.95122868923751,1
289,19,13,66,1,1,65.0,3,49.27678636667099,1
139,26,12,66,1,1,65.0,3,21.832006528618194,0
283,26,12,66,1,1,65.0,3,26.105879366527255,1
294,23,12,66,1,1,65.0,3,20.046891160061687,0
289,19,2,67,1,1,65.0,3,26.04290750536652,0
83,18,9,67,1,1,65.0,3,30.475578949680912,0
90,18,2,67,1,1,65.0,3,31.080656398225376,0
31,10,14,67,1,1,65.0,0,21.73070396935962,1
175,26,10,68,1,1,65.0,0,34.010216895703074,1
264,26,12,68,1,1,65.0,0,35.203944350750064,1
378,10,6,68,1,1,65.0,3,21.32823163933231,0
257,13,6,68,1,1,110.0,0,24.43301818525728,1
156,4,12,68,1,0,0.0,0,22.65064072370776,3
135,9,12,68,1,1,65.0,3,21.20228791701084,0
289,19,13,68,1,1,65.0,0,21.74986931840854,1
252,2,15,68,1,1,65.0,3,23.926505388964404,0
297,4,0,69,1,1,65.0,3,30.66723244017011,0
128,26,6,69,1,1,65.0,3,20.000346740942884,0
190,6,10,69,1,1,65.0,3,30.450937786618017,0
54,7,10,69,0,1,65.0,3,27.0011749578125,0
319,4,3,69,1,1,65.0,0,32.96159851202648,1
354,7,3,69,1,1,65.0,3,28.79450404738997,0
354,7,12,69,1,1,65.0,0,39.3409218383097,1
354,7,12,69,1,1,65.0,0,30.982091745973786,1
289,19,2,69,0,1,65.0,3,21.131102334829137,0
160,26,12,69,1,1,65.0,0,31.2175517485748,1
289,19,13,69,1,0,65.0,0,43.768117468610114,3
139,26,14,69,0,1,65.0,3,36.811095763852315,0
83,18,13,69,1,1,65.0,3,19.614301852957503,0
168,11,6,69,1,1,65.0,3,20.271399534634746,0
8,17,6,69,1,1,65.0,3,19.756673017320907,0
343,19,10,69,1,1,65.0,3,23.559625850027942,0
351,19,10,69,1,1,65.0,3,32.97528804706142,1
34,26,2,69,1,1,65.0,3,22.75741909698031,0
305,3,2,69,1,1,65.0,0,55.2070929438081,1
289,19,2,69,1,1,65.0,3,22.218051416603576,0
350,26,2,69,1,1,65.0,0,20.81350512201847,1
341,26,12,69,1,1,65.0,3,26.543944487645415,1
52,26,12,69,1,1,65.0,3,34.21555992122722,1
350,26,12,69,1,1,65.0,0,30.85341011664533,1
289,19,12,69,1,0,65.0,0,24.022332134209,3
42,19,12,69,1,1,65.0,3,30.439986158590063,0
261,21,12,69,1,1,65.0,3,29.70622708071714,1
280,16,12,69,1,1,65.0,0,46.4403147074309,1
289,19,13,69,1,1,65.0,0,24.83001470127061,1
367,14,14,69,0,1,65.0,3,21.15848140489902,0
311,26,14,69,1,1,65.0,3,21.470602803695712,1
186,24,14,69,1,1,65.0,0,18.899708124133504,1
101,23,14,69,1,1,65.0,3,21.55000210689838,0
295,11,15,69,1,1,65.0,0,20.651968608606147,1
118,11,15,69,1,1,65.0,3,25.832088665828405,0
271,6,15,69,1,1,65.0,3,21.114674892787207,0
273,27,15,69,1,1,110.0,0,28.676774046089463,1
336,20,19,69,1,1,65.0,0,34.97122225515604,1
165,9,19,69,1,1,65.0,0,23.581529106083853,1
262,26,12,69,1,1,65.0,0,28.717842651194292,1
289,19,13,70,1,1,65.0,0,28.862951722564684,1
350,26,2,70,1,1,65.0,0,28.860213815557696,1
128,26,10,71,1,1,65.0,0,26.218133553813786,1
327,26,18,71,1,1,65.0,3,34.470185272877146,1
350,26,2,71,1,1,65.0,0,30.935547326854984,1
376,11,2,71,1,1,65.0,3,34.96300853413508,0
289,19,13,71,1,1,65.0,3,31.537886868392455,1
289,19,13,71,1,1,65.0,0,23.78687213160799,1
329,26,14,71,1,1,65.0,0,23.699259107384357,1
233,19,6,72,1,1,65.0,0,21.21871535905277,1
249,18,10,72,1,1,65.0,0,19.23647068599309,1
198,26,2,72,1,1,65.0,3,47.00432355087053,1
343,19,3,72,1,0,65.0,3,21.21871535905277,3
54,7,12,72,1,1,65.0,3,40.534649293356686,0
54,7,12,72,1,1,65.0,0,41.547674885942435,1
62,21,10,72,1,1,65.0,3,21.224191173066746,0
350,26,2,72,1,1,65.0,0,24.066138646320816,1
350,26,2,72,1,1,65.0,0,39.176647417890386,1
234,26,2,72,1,1,65.0,0,39.425796955526344,1
221,26,2,72,1,1,65.0,3,25.446043777843027,0
172,24,2,72,1,1,65.0,3,30.875313372701235,0
195,4,2,72,1,1,65.0,0,37.1013139065931,1
272,23,12,72,1,1,65.0,0,26.949154724679715,1
379,8,12,72,1,1,65.0,0,40.570242084447536,1
325,13,12,72,1,1,65.0,0,21.445961640632817,1
280,16,12,72,1,1,65.0,0,51.59305569458327,1
164,26,12,72,1,1,65.0,0,36.690627855544825,1
125,24,14,72,1,1,65.0,0,24.608244233704543,1
66,18,13,73,1,0,65.0,0,51.039998479171594,3
386,14,19,73,1,1,65.0,0,41.451848140697834,1
289,19,2,74,1,1,65.0,3,24.345405161033646,0
289,19,2,74,1,1,65.0,3,18.694365098609364,0
289,19,2,74,1,1,65.0,3,21.76629676045047,0
289,19,13,74,1,0,65.0,0,31.2175517485748,3
243,26,12,74,1,1,65.0,3,20.999682798493687,0
100,26,13,74,1,0,65.0,0,26.92177565460983,3
331,26,12,74,1,1,65.0,3,24.545272372543806,1
208,6,10,74,1,1,65.0,3,19.762148831334883,0
166,26,11,74,1,1,65.0,3,40.59214534050344,1
43,11,11,74,1,1,65.0,3,36.307320874566436,0
289,19,12,74,1,1,65.0,0,21.21871535905277,1
261,21,12,74,1,1,65.0,3,31.997855245566523,1
54,7,12,74,1,1,65.0,0,52.0858789558412,1
289,19,19,74,1,1,65.0,0,21.76355885344348,1
191,11,8,75,1,1,65.0,0,31.368136633959168,1
289,19,13,75,1,1,65.0,0,21.27347349919254,1
214,14,7,75,1,1,65.0,3,21.670470015205872,0
219,12,6,75,1,1,65.0,0,41.61064674710317,1
93,14,6,75,1,1,65.0,3,22.031873740128358,0
228,20,6,75,1,1,65.0,3,23.337855382461875,0
280,16,10,75,1,1,65.0,3,20.947662565360908,0
137,11,10,75,1,1,65.0,3,22.77384653902224,0
289,19,5,75,1,1,65.0,3,22.806701423106105,0
32,10,11,75,1,1,65.0,3,30.199050341975074,0
43,11,12,75,1,1,65.0,3,31.789774313035398,0
157,24,12,75,1,1,65.0,0,25.76364099065369,1
80,26,12,75,1,1,65.0,0,29.23530707551512,1
289,19,12,75,1,1,65.0,0,46.30889517109545,1
228,20,12,75,1,1,65.0,3,22.77384653902224,0
289,19,13,75,1,1,65.0,0,22.116748857345,1
167,26,14,75,1,1,65.0,3,19.277539291097916,0
183,26,7,76,1,1,65.0,0,19.471930688594103,1
289,19,2,76,1,1,65.0,3,19.888092553656353,0
186,24,13,76,1,0,65.0,3,30.585095229960455,3
289,19,13,76,1,1,65.0,3,24.216723531705185,1
289,19,13,76,1,1,65.0,0,30.218215691023993,1
269,18,14,76,1,1,65.0,0,24.621933768739485,1
103,13,0,76,1,0,65.0,0,34.82337527677866,3
281,14,6,76,1,1,65.0,0,21.741655597387574,1
181,24,10,76,1,1,65.0,0,18.57663509730886,1
153,4,10,76,1,1,65.0,3,22.64790281670077,0
272,23,12,76,1,1,110.0,0,30.420820809541144,1
14,25,12,76,1,1,65.0,0,29.678848010647258,1
289,19,13,76,1,1,65.0,0,21.53083675784946,1
11,26,14,76,1,1,65.0,0,24.6657402808513,1
353,26,12,77,1,1,65.0,0,27.704817058608544,1
122,4,12,77,1,0,65.0,0,35.02324248828882,3
89,24,10,77,1,1,65.0,3,27.91016008413268,0
289,19,2,77,1,1,65.0,3,30.48653057770887,0
318,8,12,77,1,0,65.0,0,38.08969833611595,3
272,23,12,77,1,1,65.0,3,29.243520796536085,1
312,23,12,77,1,1,65.0,0,45.63537004737628,1
231,19,12,77,1,1,65.0,0,40.77558510997167,1
94,11,12,78,1,1,65.0,3,21.36382443042316,0
51,25,2,79,1,1,65.0,0,19.49383394465001,1
286,0,11,79,1,1,65.0,3,50.10637218978851,1
226,9,11,79,1,1,65.0,3,19.16528510381139,0
274,21,12,79,1,0,0.0,0,30.784962441470615,3
81,8,12,79,1,0,65.0,0,44.926252132566255,3
12,14,12,79,1,1,65.0,3,29.61587614948652,0
289,19,19,79,1,1,65.0,0,37.47914507355751,1
335,19,19,79,1,1,65.0,3,25.25165238034684,1
160,26,3,80,1,1,65.0,0,32.03071012965039,1
172,24,6,80,1,1,65.0,3,20.00856046196385,0
59,19,10,80,1,1,65.0,0,24.00864259917406,1
296,16,2,80,1,1,65.0,0,21.136578148843114,1
224,11,2,80,1,1,110.0,0,38.45657787505241,1
314,0,11,80,1,1,65.0,3,24.411114929201368,0
176,14,12,80,1,1,65.0,0,34.42911666777232,1
211,18,12,80,1,1,65.0,0,18.598538353364766,1
208,6,12,80,1,0,65.0,0,22.61231002560992,3
289,19,13,80,1,0,65.0,0,26.04564541237351,3
250,12,14,80,1,1,65.0,0,21.445961640632817,1
337,11,19,80,1,1,65.0,3,41.13425092788717,1
187,15,10,83,1,1,65.0,0,21.095509543738288,1
289,19,2,83,1,1,65.0,0,48.76205984935715,1
40,26,2,83,1,1,65.0,0,27.187352634287716,1
203,20,12,83,1,1,65.0,0,31.87738733725903,1
278,26,12,0,1,0,110.0,2,23.75127934051714,3
227,1,12,0,1,0,110.0,2,27.37900612477691,3
352,10,12,0,0,0,110.0,2,18.404146955868583,3
65,18,12,0,1,0,65.0,0,24.030545855229967,3
19,21,12,0,1,1,65.0,3,41.10960976482427,0
251,18,12,0,1,1,65.0,3,38.97130439236625,0
350,26,12,0,1,1,65.0,0,27.236634960413507,2
361,26,12,0,1,1,65.0,3,23.10787119387484,2
134,27,12,0,1,1,65.0,0,23.474750732811298,2
359,26,12,0,1,1,110.0,0,22.965500029511436,2
